<?xml version="1.0" encoding="UTF-8"?>

<mule xmlns:ee="http://www.mulesoft.org/schema/mule/ee/core" xmlns:metadata="http://www.mulesoft.org/schema/mule/metadata" xmlns:http="http://www.mulesoft.org/schema/mule/http" xmlns:dw="http://www.mulesoft.org/schema/mule/ee/dw" 
  xmlns:doc="http://www.mulesoft.org/schema/mule/documentation" 
  xmlns:tracking="http://www.mulesoft.org/schema/mule/ee/tracking" 
  xmlns:spring="http://www.springframework.org/schema/beans" 
  xmlns="http://www.mulesoft.org/schema/mule/core"
  xmlns:xsi="http://www.w3.org/2001/XMLSchema-instance"
  xmlns:file="http://www.mulesoft.org/schema/mule/file"
  xmlns:vm="http://www.mulesoft.org/schema/mule/vm"
  xsi:schemaLocation="http://www.mulesoft.org/schema/mule/core http://www.mulesoft.org/schema/mule/core/current/mule.xsd
http://www.mulesoft.org/schema/mule/file http://www.mulesoft.org/schema/mule/file/current/mule-file.xsd
http://www.mulesoft.org/schema/mule/vm http://www.mulesoft.org/schema/mule/vm/current/mule-vm.xsd
http://www.springframework.org/schema/beans http://www.springframework.org/schema/beans/spring-beans-current.xsd
http://www.mulesoft.org/schema/mule/ee/tracking http://www.mulesoft.org/schema/mule/ee/tracking/current/mule-tracking-ee.xsd
http://www.mulesoft.org/schema/mule/ee/dw http://www.mulesoft.org/schema/mule/ee/dw/current/dw.xsd
http://www.mulesoft.org/schema/mule/http http://www.mulesoft.org/schema/mule/http/current/mule-http.xsd
http://www.mulesoft.org/schema/mule/ee/core http://www.mulesoft.org/schema/mule/ee/core/current/mule-ee.xsd">
    <vm:connector name="VM" validateConnections="true" doc:name="VM"/>
    <http:listener-config name="HTTP_Listener_Configuration" host="0.0.0.0" port="${http.port}" doc:name="HTTP Listener Configuration"/>
    <queued-asynchronous-processing-strategy name="highThroughputProcessing" maxThreads="80" minThreads="16" threadTTL="10000" doc:name="Queued Asynchronous Processing Strategy"/>
    <ee:object-store-caching-strategy name="Caching_Strategy" keyGenerationExpression="#['auctionBidder']" doc:name="Caching Strategy">
        <managed-store storeName="bids" maxEntries="1000" entryTTL="5000" expirationInterval="1000"/>
    </ee:object-store-caching-strategy>

  <flow name="AuctionService" >
        <http:listener config-ref="HTTP_Listener_Configuration" path="/auction" doc:name="HTTP"/>
    <object-to-string-transformer doc:name="Object to String"/>
    <logger level="INFO" message="Consumed message: #[payload]" doc:name="Log Payload"/>
    <logger level="INFO" message="At time: #[function:now]" doc:name="Log TimeStamp"/>
        <request-reply doc:name="Request-Reply">
            <vm:outbound-endpoint exchange-pattern="one-way" path="split" doc:name="VM"/>
            <vm:inbound-endpoint exchange-pattern="one-way" path="auction.service" doc:name="VM"/>
        </request-reply>
    <!-- vm endpoint responsible for pushing result back to test -->
  </flow>
    <flow name="splitBids" processingStrategy="highThroughputProcessing">
        <vm:inbound-endpoint exchange-pattern="one-way" path="split" doc:name="VM"/>
        <set-variable variableName="MULE_REPLYTO_STOP" value="true" doc:name="Variable"/>
        <dw:transform-message doc:name="Transform Message" metadata:id="5ba18b61-213e-4fbb-a037-60be15c755db">
            <dw:input-payload mimeType="application/java"/>
            <dw:set-payload><![CDATA[%dw 1.0
%output application/java
---
payload splitBy "\n"]]></dw:set-payload>
        </dw:transform-message>
        <collection-splitter doc:name="Collection Splitter"/>
        <vm:outbound-endpoint exchange-pattern="one-way" path="process" doc:name="VM"/>
    </flow>
    <flow name="processBids">
        <vm:inbound-endpoint exchange-pattern="one-way" path="process" doc:name="VM"/>
        <ee:cache cachingStrategy-ref="Caching_Strategy" doc:name="Cache">
            <component class="com.mulesoft.EnricherAuctionComponent" doc:name="EnrichBids Java Component"/>
        </ee:cache>
        <logger message="#[mule.nodeId + ' Processed: ' + message.payload]" level="INFO" doc:name="Logger"/>
        <collection-aggregator failOnTimeout="true" doc:name="Collection Aggregator"/>
        <component class="com.mulesoft.HighestBidderAuctionComponent" doc:name="Highest Bidder Java Component"/>
        <logger message="Highest Bidder: #[payload]" level="INFO" doc:name="Log Payload"/>
        <vm:outbound-endpoint exchange-pattern="one-way" path="auction.service" doc:name="VM: auction.service"/>
        <logger message="At time: #[function:now]" level="INFO" doc:name="Log TimeStamp"/>
    </flow>

</mule>
